Date (GMT+1),Non-Renewable,Renewable
,Power (MW),Power (MW)
2024-01-01T00:00+01:00,9019.411195,42169.4285
2024-01-01T00:15+01:00,8819.891974,41751.34986
2024-01-01T00:30+01:00,8713.642612,41608.50382
2024-01-01T00:45+01:00,8668.456435,41731.35771
2024-01-01T01:00+01:00,8676.866225,41682.14643
2024-01-01T01:15+01:00,8695.876368,41434.65239
2024-01-01T01:30+01:00,8685.348899,41095.51728
2024-01-01T01:45+01:00,8642.217204,41234.12128
2024-01-01T02:00+01:00,8660.532813,41447.88722
2024-01-01T02:15+01:00,8677.389848,41356.36217
2024-01-01T02:30+01:00,8687.668456,41314.91209
2024-01-01T02:45+01:00,8669.09419,41014.96648
2024-01-01T03:00+01:00,8710.636085,40524.86503
2024-01-01T03:15+01:00,8716.641473,40181.63446
2024-01-01T03:30+01:00,8709.931615,40093.17694
2024-01-01T03:45+01:00,8728.62668,40125.21261
2024-01-01T04:00+01:00,8718.295411,39983.45325
2024-01-01T04:15+01:00,8698.456466,40079.36312
2024-01-01T04:30+01:00,8662.240972,39980.6801
2024-01-01T04:45+01:00,8658.245505,39739.95008
2024-01-01T05:00+01:00,8699.29771,40138.9474
2024-01-01T05:15+01:00,8710.307603,40410.91718
2024-01-01T05:30+01:00,8711.475434,40477.25518
2024-01-01T05:45+01:00,8728.133734,40192.28566
2024-01-01T06:00+01:00,8750.903715,40282.97603
2024-01-01T06:15+01:00,8730.225662,40008.40893
2024-01-01T06:30+01:00,8719.978569,39685.86555
2024-01-01T06:45+01:00,8744.435735,39713.71429
2024-01-01T07:00+01:00,8739.665245,39842.23744
2024-01-01T07:15+01:00,8712.536726,40096.50636
2024-01-01T07:30+01:00,8715.345662,40352.30765
2024-01-01T07:45+01:00,8665.317814,40580.22203
2024-01-01T08:00+01:00,8686.941108,40956.8641
2024-01-01T08:15+01:00,8727.545176,40954.01328
2024-01-01T08:30+01:00,8686.793015,41432.42712
2024-01-01T08:45+01:00,8681.352769,42199.36109
2024-01-01T09:00+01:00,8640.568473,42517.92686
2024-01-01T09:15+01:00,8657.066819,43149.46251
2024-01-01T09:30+01:00,8638.625005,43846.54528
2024-01-01T09:45+01:00,8647.095788,44708.87474
2024-01-01T10:00+01:00,8762.866909,45468.18747
2024-01-01T10:15+01:00,8855.222443,46449.63108
2024-01-01T10:30+01:00,8864.320667,47356.58832
2024-01-01T10:45+01:00,8822.054193,47383.36839
2024-01-01T11:00+01:00,8720.235649,47810.7292
2024-01-01T11:15+01:00,8737.324781,48328.87425
2024-01-01T11:30+01:00,8683.148122,48769.98004
2024-01-01T11:45+01:00,8718.779061,49031.22597
2024-01-01T12:00+01:00,8765.428103,48349.66064
2024-01-01T12:15+01:00,8803.447722,48026.24387
2024-01-01T12:30+01:00,8757.677256,47894.97294
2024-01-01T12:45+01:00,8755.283136,47253.34708
2024-01-01T13:00+01:00,8719.348435,46608.18824
2024-01-01T13:15+01:00,8697.727057,46003.54569
2024-01-01T13:30+01:00,8660.233225,45491.81389
2024-01-01T13:45+01:00,8711.629439,44906.85649
2024-01-01T14:00+01:00,8836.314453,43587.87722
2024-01-01T14:15+01:00,8893.980738,42829.61749
2024-01-01T14:30+01:00,8907.879303,42127.46432
2024-01-01T14:45+01:00,8920.093648,41354.17744
2024-01-01T15:00+01:00,8933.531242,40416.34936
2024-01-01T15:15+01:00,8972.648823,39787.72066
2024-01-01T15:30+01:00,8967.384707,38821.96499
2024-01-01T15:45+01:00,9002.645232,38322.28108
2024-01-01T16:00+01:00,9410.25713,38281.17761
2024-01-01T16:15+01:00,9473.328736,38409.0816
2024-01-01T16:30+01:00,9510.159622,38617.70899
2024-01-01T16:45+01:00,9700.471174,39028.15603
2024-01-01T17:00+01:00,9923.304612,39594.85345
2024-01-01T17:15+01:00,10001.32278,39549.34381
2024-01-01T17:30+01:00,10008.93597,39547.15954
2024-01-01T17:45+01:00,10102.72852,39645.03395
2024-01-01T18:00+01:00,10108.38834,39464.36582
2024-01-01T18:15+01:00,10054.50042,38978.19749
2024-01-01T18:30+01:00,10000.16991,38364.23325
2024-01-01T18:45+01:00,10028.61671,38343.14631
2024-01-01T19:00+01:00,10006.39375,38283.49494
2024-01-01T19:15+01:00,9850.162615,38189.21949
2024-01-01T19:30+01:00,9876.233015,38180.20423
2024-01-01T19:45+01:00,9845.800148,38084.9264
2024-01-01T20:00+01:00,9791.171002,37770.45164
2024-01-01T20:15+01:00,9756.350296,37209.10916
2024-01-01T20:30+01:00,9694.104832,36899.33264
2024-01-01T20:45+01:00,9619.154409,36780.67482
2024-01-01T21:00+01:00,9676.684184,36327.258
2024-01-01T21:15+01:00,9560.495843,36138.31961
2024-01-01T21:30+01:00,9550.597103,35769.75845
2024-01-01T21:45+01:00,9539.762044,35500.89809
2024-01-01T22:00+01:00,9433.234413,34905.5419
2024-01-01T22:15+01:00,9459.601154,34812.64703
2024-01-01T22:30+01:00,9375.636164,34210.74065
2024-01-01T22:45+01:00,9335.859195,33539.03929
2024-01-01T23:00+01:00,9297.164697,32891.54728
2024-01-01T23:15+01:00,9339.345534,32371.11923
2024-01-01T23:30+01:00,9262.488026,32323.28679
2024-01-01T23:45+01:00,9195.007018,31753.8952
2024-01-02T00:00+01:00,9433.11134,31281.10517
2024-01-02T00:15+01:00,9009.610957,31179.22609
2024-01-02T00:30+01:00,9024.408416,31030.13392
2024-01-02T00:45+01:00,9020.000236,30848.05862
2024-01-02T01:00+01:00,9049.508445,30616.69976
2024-01-02T01:15+01:00,8989.543606,30429.50825
2024-01-02T01:30+01:00,8984.550718,30150.25343
2024-01-02T01:45+01:00,9021.738683,29940.02338
2024-01-02T02:00+01:00,9016.938317,30086.67301
2024-01-02T02:15+01:00,9024.326491,29965.75707
2024-01-02T02:30+01:00,9040.189296,30157.61682
2024-01-02T02:45+01:00,9162.797423,30333.68878
2024-01-02T03:00+01:00,9191.987122,30693.04331
2024-01-02T03:15+01:00,9102.212354,31388.80089
2024-01-02T03:30+01:00,9215.3247,31800.63258
2024-01-02T03:45+01:00,9209.760495,32157.34937
2024-01-02T04:00+01:00,9232.40473,32936.60553
2024-01-02T04:15+01:00,9264.028206,33727.61078
2024-01-02T04:30+01:00,9270.018694,34313.67114
2024-01-02T04:45+01:00,9354.322816,34830.66382
2024-01-02T05:00+01:00,9535.322863,35629.99228
2024-01-02T05:15+01:00,9607.314774,36409.73914
2024-01-02T05:30+01:00,9632.451439,37271.44529
2024-01-02T05:45+01:00,9762.046677,37866.7576
2024-01-02T06:00+01:00,10050.21917,39151.32974
2024-01-02T06:15+01:00,10097.24509,39676.70895
2024-01-02T06:30+01:00,10099.7134,40195.09213
2024-01-02T06:45+01:00,10186.074,40680.1048
2024-01-02T07:00+01:00,10516.58058,41172.76249
2024-01-02T07:15+01:00,10595.76945,41617.67365
2024-01-02T07:30+01:00,10663.1837,42057.90225
2024-01-02T07:45+01:00,10751.90256,42376.5426
2024-01-02T08:00+01:00,11257.08289,42683.669
2024-01-02T08:15+01:00,11430.67996,42886.61521
2024-01-02T08:30+01:00,11461.57396,43144.04221
2024-01-02T08:45+01:00,11564.2241,43175.23961
2024-01-02T09:00+01:00,11969.75093,43084.69704
2024-01-02T09:15+01:00,12112.16905,43429.21502
2024-01-02T09:30+01:00,12185.80382,43702.96507
2024-01-02T09:45+01:00,12516.41371,43901.46101
2024-01-02T10:00+01:00,12463.46432,44035.73184
2024-01-02T10:15+01:00,12520.0017,44079.15782
2024-01-02T10:30+01:00,12620.46403,44039.41082
2024-01-02T10:45+01:00,12663.9259,43857.69839
2024-01-02T11:00+01:00,12894.43756,43286.80796
2024-01-02T11:15+01:00,12910.09445,42660.41617
2024-01-02T11:30+01:00,13014.42713,42045.76331
2024-01-02T11:45+01:00,13146.96141,41654.33238
2024-01-02T12:00+01:00,13379.77927,41456.32315
2024-01-02T12:15+01:00,13477.85221,41489.42449
2024-01-02T12:30+01:00,13630.5918,41603.37062
2024-01-02T12:45+01:00,13608.82354,41293.62522
2024-01-02T13:00+01:00,13477.49577,40721.18885
2024-01-02T13:15+01:00,13537.5374,40264.90608
2024-01-02T13:30+01:00,13601.23502,39598.42794
2024-01-02T13:45+01:00,13618.84442,39113.85765
2024-01-02T14:00+01:00,13616.72228,38800.7947
2024-01-02T14:15+01:00,13698.11813,38489.61074
2024-01-02T14:30+01:00,13663.58003,38191.23566
2024-01-02T14:45+01:00,13618.55383,38077.19871
2024-01-02T15:00+01:00,13489.99732,37880.76091
2024-01-02T15:15+01:00,13376.32133,37715.0196
2024-01-02T15:30+01:00,13415.80384,37880.89209
2024-01-02T15:45+01:00,13405.32922,38194.60109
2024-01-02T16:00+01:00,13681.25016,38698.08589
2024-01-02T16:15+01:00,13694.96988,39254.04394
2024-01-02T16:30+01:00,13656.42321,40026.57413
2024-01-02T16:45+01:00,13669.88186,40963.99685
2024-01-02T17:00+01:00,13617.80043,41927.25534
2024-01-02T17:15+01:00,13514.98273,42769.05009
2024-01-02T17:30+01:00,13517.9477,43562.6932
2024-01-02T17:45+01:00,13616.51023,44048.70304
2024-01-02T18:00+01:00,13716.74393,44831.58743
2024-01-02T18:15+01:00,13411.40578,45352.88675
2024-01-02T18:30+01:00,13249.09908,45927.47252
2024-01-02T18:45+01:00,13223.16987,46693.2328
2024-01-02T19:00+01:00,12932.98038,47478.78014
2024-01-02T19:15+01:00,12780.18472,47961.7313
2024-01-02T19:30+01:00,12488.94226,48301.90805
2024-01-02T19:45+01:00,12270.07314,48525.97616
2024-01-02T20:00+01:00,11779.30492,48802.86525
2024-01-02T20:15+01:00,11553.76012,49177.76231
2024-01-02T20:30+01:00,11524.00803,49391.43867
2024-01-02T20:45+01:00,11340.0122,49652.58411
2024-01-02T21:00+01:00,11004.55884,50048.47209
2024-01-02T21:15+01:00,10872.66106,50290.76902
2024-01-02T21:30+01:00,10707.41853,50293.91966
2024-01-02T21:45+01:00,10468.36689,50296.07814
2024-01-02T22:00+01:00,10199.47127,49467.44242
2024-01-02T22:15+01:00,10197.59295,49776.21701
2024-01-02T22:30+01:00,10270.36362,49985.66851
2024-01-02T22:45+01:00,10154.03164,49882.22961
2024-01-02T23:00+01:00,9993.41174,49911.73608
2024-01-02T23:15+01:00,9959.426255,49887.0337
2024-01-02T23:30+01:00,9957.02116,49821.27282
2024-01-02T23:45+01:00,9843.747629,49434.58999
2024-01-03T00:00+01:00,10176.55966,47562.50176
2024-01-03T00:15+01:00,9677.999621,47013.0689
2024-01-03T00:30+01:00,9602.620571,46929.117
2024-01-03T00:45+01:00,9563.76467,46844.7767
2024-01-03T01:00+01:00,9549.660755,46775.99726
2024-01-03T01:15+01:00,9572.168318,46689.19317
2024-01-03T01:30+01:00,9563.133011,46310.7146
2024-01-03T01:45+01:00,9504.781567,45995.81905
2024-01-03T02:00+01:00,9647.150641,46249.63177
2024-01-03T02:15+01:00,9607.631511,46583.54722
2024-01-03T02:30+01:00,9551.919691,46911.77176
2024-01-03T02:45+01:00,9584.969512,47173.42364
2024-01-03T03:00+01:00,9554.217315,46936.34598
2024-01-03T03:15+01:00,9532.897836,46637.59157
2024-01-03T03:30+01:00,9566.798603,46710.25216
2024-01-03T03:45+01:00,9556.995521,46537.23055
2024-01-03T04:00+01:00,9554.447641,46798.49814
2024-01-03T04:15+01:00,9547.24568,47149.83775
2024-01-03T04:30+01:00,9571.93136,47830.21043
2024-01-03T04:45+01:00,9616.155576,48426.49641
2024-01-03T05:00+01:00,9697.105735,47696.95435
2024-01-03T05:15+01:00,9766.771987,47760.45827
2024-01-03T05:30+01:00,9875.777037,48768.61452
2024-01-03T05:45+01:00,9940.572612,49313.1911
2024-01-03T06:00+01:00,10217.49735,52497.72403
2024-01-03T06:15+01:00,10225.59447,53306.47064
2024-01-03T06:30+01:00,10288.98892,53688.96543
2024-01-03T06:45+01:00,10483.38063,53990.4166
2024-01-03T07:00+01:00,10729.09152,54421.14672
2024-01-03T07:15+01:00,10883.51046,54641.61339
2024-01-03T07:30+01:00,10860.80564,54887.4153
2024-01-03T07:45+01:00,10888.67124,54967.66888
2024-01-03T08:00+01:00,11211.84279,54642.34096
2024-01-03T08:15+01:00,11391.33232,54540.67599
2024-01-03T08:30+01:00,11477.77528,54676.66569
2024-01-03T08:45+01:00,11532.72848,54651.05866
2024-01-03T09:00+01:00,11849.46444,54845.53551
2024-01-03T09:15+01:00,11813.23158,55478.37912
2024-01-03T09:30+01:00,11827.70765,55970.62039
2024-01-03T09:45+01:00,11788.94664,56807.09456
2024-01-03T10:00+01:00,11748.20084,57766.53739
2024-01-03T10:15+01:00,11649.03066,58553.58563
2024-01-03T10:30+01:00,11606.41085,58749.11636
2024-01-03T10:45+01:00,11616.05961,59043.64433
2024-01-03T11:00+01:00,11457.60412,59617.4608
2024-01-03T11:15+01:00,11455.8916,60138.8044
2024-01-03T11:30+01:00,11436.142,60320.41021
2024-01-03T11:45+01:00,11425.00497,60125.47897
2024-01-03T12:00+01:00,11378.22393,59910.02375
2024-01-03T12:15+01:00,11308.78629,59879.53683
2024-01-03T12:30+01:00,11327.21022,59850.93046
2024-01-03T12:45+01:00,11362.45041,59701.03442
2024-01-03T13:00+01:00,11573.5105,59297.70335
2024-01-03T13:15+01:00,11749.51961,58539.29526
2024-01-03T13:30+01:00,11764.76085,57994.50774
2024-01-03T13:45+01:00,11730.87554,57488.99065
2024-01-03T14:00+01:00,11503.67314,56638.2908
2024-01-03T14:15+01:00,11515.85328,55988.79202
2024-01-03T14:30+01:00,11453.07422,54933.35712
2024-01-03T14:45+01:00,11478.36541,53875.90211
2024-01-03T15:00+01:00,11571.75337,52483.55548
2024-01-03T15:15+01:00,11607.18733,51334.2387
2024-01-03T15:30+01:00,11848.57357,50398.53653
2024-01-03T15:45+01:00,12174.5287,49608.219
2024-01-03T16:00+01:00,12746.68176,48879.30496
2024-01-03T16:15+01:00,13025.92581,48150.24914
2024-01-03T16:30+01:00,13189.4834,47436.97987
2024-01-03T16:45+01:00,13321.05599,46961.42712
2024-01-03T17:00+01:00,13620.6123,46467.65698
2024-01-03T17:15+01:00,13808.98788,46274.12315
2024-01-03T17:30+01:00,14145.96221,45751.77984
2024-01-03T17:45+01:00,14146.69317,45433.96553
2024-01-03T18:00+01:00,14215.00708,44983.35794
2024-01-03T18:15+01:00,14211.65451,44662.15443
2024-01-03T18:30+01:00,14235.06945,44363.05558
2024-01-03T18:45+01:00,14251.62242,44205.13012
2024-01-03T19:00+01:00,13975.8267,43775.24339
2024-01-03T19:15+01:00,13851.54795,43380.90037
2024-01-03T19:30+01:00,13726.17387,42961.12663
2024-01-03T19:45+01:00,13502.48391,42563.13619
2024-01-03T20:00+01:00,13316.5384,42151.87319
2024-01-03T20:15+01:00,13223.17577,42038.20895
2024-01-03T20:30+01:00,13096.80413,42028.40958
2024-01-03T20:45+01:00,12773.56072,41989.89003
2024-01-03T21:00+01:00,12417.58656,41954.14366
2024-01-03T21:15+01:00,12239.4637,41694.53713
2024-01-03T21:30+01:00,11873.66807,41412.17236
2024-01-03T21:45+01:00,11668.05223,41129.12636
2024-01-03T22:00+01:00,11419.53597,40393.35526
2024-01-03T22:15+01:00,11447.16258,40303.87092
2024-01-03T22:30+01:00,11426.85224,40435.37316
2024-01-03T22:45+01:00,11326.53604,40484.52773
2024-01-03T23:00+01:00,11236.38333,40539.65998
2024-01-03T23:15+01:00,11170.91829,40665.36775
2024-01-03T23:30+01:00,11082.13021,40809.01453
2024-01-03T23:45+01:00,10968.84649,40923.16798
2024-01-04T00:00+01:00,10784.18149,40953.67055
2024-01-04T00:15+01:00,10428.20032,41037.83277
2024-01-04T00:30+01:00,10416.30722,41204.22791
2024-01-04T00:45+01:00,10282.15056,41357.74661
2024-01-04T01:00+01:00,10147.58337,41422.86906
2024-01-04T01:15+01:00,10057.06979,41557.77881
2024-01-04T01:30+01:00,10140.11952,42020.31384
2024-01-04T01:45+01:00,10074.25923,42155.39473
2024-01-04T02:00+01:00,10040.8819,42480.32064
2024-01-04T02:15+01:00,10150.99784,43001.42988
2024-01-04T02:30+01:00,10212.58468,43091.91413
2024-01-04T02:45+01:00,10196.6938,42990.25036
2024-01-04T03:00+01:00,10296.32745,43318.83726
2024-01-04T03:15+01:00,10296.71854,43455.83603
2024-01-04T03:30+01:00,10286.87647,43409.84189
2024-01-04T03:45+01:00,10271.03545,43260.02683
2024-01-04T04:00+01:00,10211.20559,43364.05527
2024-01-04T04:15+01:00,10253.11193,43745.9597
2024-01-04T04:30+01:00,10328.96069,43970.97813
2024-01-04T04:45+01:00,10444.42093,44068.15505
2024-01-04T05:00+01:00,10883.44854,44203.26473
2024-01-04T05:15+01:00,11110.13355,44307.63723
2024-01-04T05:30+01:00,11251.74469,44394.48928
2024-01-04T05:45+01:00,11422.28039,44153.1437
2024-01-04T06:00+01:00,12310.88701,44346.89868
2024-01-04T06:15+01:00,12846.43096,44000.20935
2024-01-04T06:30+01:00,13203.98831,43682.78865
2024-01-04T06:45+01:00,14121.8266,43433.20993
2024-01-04T07:00+01:00,15112.84576,43180.35272
2024-01-04T07:15+01:00,15768.73039,43161.32796
2024-01-04T07:30+01:00,16035.91521,42801.06335
2024-01-04T07:45+01:00,16399.34036,42389.56723
2024-01-04T08:00+01:00,16690.22532,42130.66559
2024-01-04T08:15+01:00,16877.5933,41634.8991
2024-01-04T08:30+01:00,17016.57941,41363.99114
2024-01-04T08:45+01:00,17131.00085,41090.73962
2024-01-04T09:00+01:00,17554.50543,41015.32736
2024-01-04T09:15+01:00,17758.61235,41027.14974
2024-01-04T09:30+01:00,18026.12725,41327.74729
2024-01-04T09:45+01:00,18021.50067,41382.51073
2024-01-04T10:00+01:00,18099.6301,41672.21287
2024-01-04T10:15+01:00,17946.7544,41908.72894
2024-01-04T10:30+01:00,17917.20416,41767.66242
2024-01-04T10:45+01:00,17870.52139,41595.26671
2024-01-04T11:00+01:00,17970.70798,41538.92854
2024-01-04T11:15+01:00,17979.08049,41392.80843
2024-01-04T11:30+01:00,18183.24259,41402.21463
2024-01-04T11:45+01:00,18174.12929,41100.11401
2024-01-04T12:00+01:00,18504.80635,40225.26999
2024-01-04T12:15+01:00,18634.61635,39386.88002
2024-01-04T12:30+01:00,19024.93398,39025.30291
2024-01-04T12:45+01:00,19460.82878,38578.8192
2024-01-04T13:00+01:00,19751.47095,37359.292
2024-01-04T13:15+01:00,19864.74021,36646.14227
2024-01-04T13:30+01:00,20032.48126,35761.13221
2024-01-04T13:45+01:00,20181.47969,34841.25423
2024-01-04T14:00+01:00,20911.2815,33448.70852
2024-01-04T14:15+01:00,21197.08088,32418.47994
2024-01-04T14:30+01:00,21466.14134,31392.27091
2024-01-04T14:45+01:00,21848.99442,30501.45133
2024-01-04T15:00+01:00,23399.68018,29005.09627
2024-01-04T15:15+01:00,23583.51221,27787.30828
2024-01-04T15:30+01:00,23727.65139,26639.85562
2024-01-04T15:45+01:00,24164.2869,25551.8341
2024-01-04T16:00+01:00,24578.13488,24629.18581
2024-01-04T16:15+01:00,24954.12091,24005.9823
2024-01-04T16:30+01:00,25246.13481,23422.17665
2024-01-04T16:45+01:00,25469.50944,22495.43689
2024-01-04T17:00+01:00,25675.59485,21947.83815
2024-01-04T17:15+01:00,25615.31368,21457.75456
2024-01-04T17:30+01:00,25843.83024,20884.88219
2024-01-04T17:45+01:00,26289.03463,20279.72145
2024-01-04T18:00+01:00,26628.73823,19635.31183
2024-01-04T18:15+01:00,26708.65076,19053.31038
2024-01-04T18:30+01:00,26636.68087,18563.00017
2024-01-04T18:45+01:00,26598.86818,18197.57929
2024-01-04T19:00+01:00,26533.34342,17453.44533
2024-01-04T19:15+01:00,26503.02081,17152.57086
2024-01-04T19:30+01:00,26166.22249,17001.28613
2024-01-04T19:45+01:00,26090.74062,16677.54082
2024-01-04T20:00+01:00,25931.98047,17022.14154
2024-01-04T20:15+01:00,25723.85197,16425.3932
2024-01-04T20:30+01:00,25429.68414,16269.37609
2024-01-04T20:45+01:00,25264.19286,16173.20167
2024-01-04T21:00+01:00,25247.77863,16281.49978
2024-01-04T21:15+01:00,24980.09873,16057.75116
2024-01-04T21:30+01:00,24752.29721,15975.85295
2024-01-04T21:45+01:00,24336.51615,16170.06422
2024-01-04T22:00+01:00,23676.39892,16651.32047
2024-01-04T22:15+01:00,23424.65051,16931.05131
2024-01-04T22:30+01:00,22888.2356,17079.85763
2024-01-04T22:45+01:00,22214.56736,17100.97433
2024-01-04T23:00+01:00,21321.045,17272.19132
2024-01-04T23:15+01:00,20826.52579,17330.08006
2024-01-04T23:30+01:00,20300.23445,17578.60507
2024-01-04T23:45+01:00,19918.35418,17962.09168
2024-01-05T00:00+01:00,19834.79509,18588.86274
2024-01-05T00:15+01:00,19232.14658,18899.50748
2024-01-05T00:30+01:00,18948.26994,19100.01985
2024-01-05T00:45+01:00,18797.14861,19461.59192
2024-01-05T01:00+01:00,18342.32069,20014.79717
2024-01-05T01:15+01:00,18036.17222,20429.83428
2024-01-05T01:30+01:00,17889.71563,20999.64938
2024-01-05T01:45+01:00,17828.77687,21433.47022
2024-01-05T02:00+01:00,17793.22876,21768.38618
2024-01-05T02:15+01:00,17633.02388,22333.93457
2024-01-05T02:30+01:00,17609.18335,22872.56529
2024-01-05T02:45+01:00,17558.59718,23477.72612
2024-01-05T03:00+01:00,17568.54873,24121.43084
2024-01-05T03:15+01:00,17469.59343,24700.55214
2024-01-05T03:30+01:00,17458.74125,25203.97589
2024-01-05T03:45+01:00,17352.43429,25629.11772
2024-01-05T04:00+01:00,17363.5109,25879.59515
2024-01-05T04:15+01:00,17377.63673,26182.82688
2024-01-05T04:30+01:00,17460.58166,26479.52052
2024-01-05T04:45+01:00,17579.04207,26929.50142
2024-01-05T05:00+01:00,17971.69298,27474.10932
2024-01-05T05:15+01:00,18129.18504,27895.9558
2024-01-05T05:30+01:00,18434.36072,28365.21114
2024-01-05T05:45+01:00,18522.9804,28747.85402
2024-01-05T06:00+01:00,19009.23095,29577.95429
2024-01-05T06:15+01:00,19353.81123,30007.61325
2024-01-05T06:30+01:00,19608.40785,30379.74443
2024-01-05T06:45+01:00,20159.0163,30820.41579
2024-01-05T07:00+01:00,21056.36963,31437.94572
2024-01-05T07:15+01:00,21925.87714,31980.34488
2024-01-05T07:30+01:00,22300.55688,32455.32961
2024-01-05T07:45+01:00,22562.98968,32979.82591
2024-01-05T08:00+01:00,23057.14616,33308.87881
2024-01-05T08:15+01:00,23295.64277,33982.87769
2024-01-05T08:30+01:00,23298.80059,34456.29312
2024-01-05T08:45+01:00,23293.25032,34944.98714
2024-01-05T09:00+01:00,23385.28579,35659.98206
2024-01-05T09:15+01:00,23382.9237,36163.22057
2024-01-05T09:30+01:00,23477.7158,36702.54515
2024-01-05T09:45+01:00,23651.01197,37282.3421
2024-01-05T10:00+01:00,23780.75166,37991.5956
2024-01-05T10:15+01:00,23538.27716,38797.24716
2024-01-05T10:30+01:00,23317.2484,39448.67805
2024-01-05T10:45+01:00,23030.04772,40032.56216
2024-01-05T11:00+01:00,22958.67218,40618.65432
2024-01-05T11:15+01:00,22796.15066,40941.26372
2024-01-05T11:30+01:00,22753.57415,41048.60824
2024-01-05T11:45+01:00,22886.65096,41150.36556
2024-01-05T12:00+01:00,23176.3156,41144.14061
2024-01-05T12:15+01:00,23243.28791,40932.50658
2024-01-05T12:30+01:00,23244.68124,40579.96827
2024-01-05T12:45+01:00,23285.13529,40202.41648
2024-01-05T13:00+01:00,22954.41922,39704.28554
2024-01-05T13:15+01:00,22776.09066,39266.40874
2024-01-05T13:30+01:00,22603.66653,38847.20744
2024-01-05T13:45+01:00,22698.9171,38254.07656
2024-01-05T14:00+01:00,22690.79177,37860.31676
2024-01-05T14:15+01:00,22936.9816,37530.6188
2024-01-05T14:30+01:00,23007.27001,36658.22717
2024-01-05T14:45+01:00,23086.50521,35775.24016
2024-01-05T15:00+01:00,23357.66343,35201.37887
2024-01-05T15:15+01:00,23242.64883,34744.1986
2024-01-05T15:30+01:00,23604.80073,34246.24974
2024-01-05T15:45+01:00,23623.93602,33727.89108
2024-01-05T16:00+01:00,23753.15305,33245.47421
2024-01-05T16:15+01:00,23866.77842,33320.37514
2024-01-05T16:30+01:00,23977.27857,33417.11611
2024-01-05T16:45+01:00,24097.04866,33542.29422
2024-01-05T17:00+01:00,24253.33112,33661.90928
2024-01-05T17:15+01:00,24322.8614,33875.63352
2024-01-05T17:30+01:00,24689.82156,34014.41918
2024-01-05T17:45+01:00,24353.95202,33987.6206
2024-01-05T18:00+01:00,24378.57951,33713.35018
2024-01-05T18:15+01:00,24676.74342,33819.37878
2024-01-05T18:30+01:00,24374.6012,33979.24257
2024-01-05T18:45+01:00,24674.84602,33812.94906
2024-01-05T19:00+01:00,24993.03486,34176.60705
2024-01-05T19:15+01:00,25177.48389,33931.04275
2024-01-05T19:30+01:00,25165.87469,33657.5877
2024-01-05T19:45+01:00,25210.21717,33280.35136
2024-01-05T20:00+01:00,25143.1098,33151.90944
2024-01-05T20:15+01:00,25152.10864,32814.13983
2024-01-05T20:30+01:00,24942.16931,32400.89844
2024-01-05T20:45+01:00,24619.79114,32137.66993
2024-01-05T21:00+01:00,24164.65488,32051.1411
2024-01-05T21:15+01:00,23907.5448,31646.39733
2024-01-05T21:30+01:00,23210.42849,31179.59822
2024-01-05T21:45+01:00,22901.74269,30969.4694
2024-01-05T22:00+01:00,23045.03,30374.73495
2024-01-05T22:15+01:00,22848.61475,29935.80765
2024-01-05T22:30+01:00,22389.15566,29605.76616
2024-01-05T22:45+01:00,21712.03021,29083.24402
2024-01-05T23:00+01:00,20828.75995,28673.39048
2024-01-05T23:15+01:00,20465.77393,28120.55594
2024-01-05T23:30+01:00,20305.26395,27717.69621
2024-01-05T23:45+01:00,19883.68852,27298.20278
2024-01-06T00:00+01:00,19626.75363,26906.87699
2024-01-06T00:15+01:00,19425.93078,26731.7005
2024-01-06T00:30+01:00,19421.24915,26058.58452
2024-01-06T00:45+01:00,19259.98562,25676.97067
2024-01-06T01:00+01:00,19035.82735,25273.65848
2024-01-06T01:15+01:00,18884.22057,24907.08721
2024-01-06T01:30+01:00,18842.59182,24736.28273
2024-01-06T01:45+01:00,18758.91107,24535.84315
2024-01-06T02:00+01:00,18645.97407,24308.11084
2024-01-06T02:15+01:00,18460.69581,24068.47755
2024-01-06T02:30+01:00,18355.80811,23836.78278
2024-01-06T02:45+01:00,18296.91869,23645.54702
2024-01-06T03:00+01:00,18316.33106,23537.44361
2024-01-06T03:15+01:00,18239.28846,23332.62682
2024-01-06T03:30+01:00,18274.8046,23180.94253
2024-01-06T03:45+01:00,18264.00434,23078.4984
2024-01-06T04:00+01:00,18357.83841,23022.63345
2024-01-06T04:15+01:00,18442.14611,23034.36179
2024-01-06T04:30+01:00,18456.09971,22985.12855
2024-01-06T04:45+01:00,18475.74958,22865.72715
2024-01-06T05:00+01:00,18572.81574,22801.47404
2024-01-06T05:15+01:00,18627.567,22630.77481
2024-01-06T05:30+01:00,18696.2684,22489.04518
2024-01-06T05:45+01:00,18799.29602,22527.67485
2024-01-06T06:00+01:00,18832.92257,22793.39477
2024-01-06T06:15+01:00,18959.8036,22793.35252
2024-01-06T06:30+01:00,19213.11227,22697.17079
2024-01-06T06:45+01:00,19434.61914,22774.15689
2024-01-06T07:00+01:00,20013.30976,22723.74613
2024-01-06T07:15+01:00,20198.35993,22805.98865
2024-01-06T07:30+01:00,20569.30501,22919.61418
2024-01-06T07:45+01:00,20996.85387,22931.49517
2024-01-06T08:00+01:00,21641.40855,22899.68369
2024-01-06T08:15+01:00,22345.4779,23031.2976
2024-01-06T08:30+01:00,22779.56134,23203.57626
2024-01-06T08:45+01:00,22979.50391,23474.67624
2024-01-06T09:00+01:00,23113.05902,23763.08578
2024-01-06T09:15+01:00,23136.27661,24147.37113
2024-01-06T09:30+01:00,23114.555,24447.77494
2024-01-06T09:45+01:00,23150.53436,24771.70336
2024-01-06T10:00+01:00,23243.19997,24926.51274
2024-01-06T10:15+01:00,23127.78381,25075.59537
2024-01-06T10:30+01:00,23244.79733,25267.70149
2024-01-06T10:45+01:00,23308.12613,25371.82332
2024-01-06T11:00+01:00,23751.02474,25535.32001
2024-01-06T11:15+01:00,23910.83114,25804.34949
2024-01-06T11:30+01:00,23959.85054,25882.75843
2024-01-06T11:45+01:00,23977.09745,25922.1613
2024-01-06T12:00+01:00,23900.66468,25776.8167
2024-01-06T12:15+01:00,23859.91034,25749.23826
2024-01-06T12:30+01:00,23855.90832,25676.39519
2024-01-06T12:45+01:00,23830.78782,25599.53553
2024-01-06T13:00+01:00,23856.64869,25513.67156
2024-01-06T13:15+01:00,23824.20432,25265.80335
2024-01-06T13:30+01:00,23772.36963,25055.10049
2024-01-06T13:45+01:00,23810.25895,24738.26777
2024-01-06T14:00+01:00,23851.21046,24668.66042
2024-01-06T14:15+01:00,23829.82286,24598.99712
2024-01-06T14:30+01:00,23851.9527,24413.41766
2024-01-06T14:45+01:00,23833.40295,24275.31754
2024-01-06T15:00+01:00,23860.597,23893.37208
2024-01-06T15:15+01:00,23763.69581,23850.22632
2024-01-06T15:30+01:00,23768.2316,23804.85074
2024-01-06T15:45+01:00,23738.95761,23476.12066
2024-01-06T16:00+01:00,23815.36363,23339.4901
2024-01-06T16:15+01:00,23992.12384,23447.98796
2024-01-06T16:30+01:00,24102.3236,23714.10635
2024-01-06T16:45+01:00,24110.83775,23956.49704
2024-01-06T17:00+01:00,24222.57454,24107.05889
2024-01-06T17:15+01:00,24462.8193,24284.23624
2024-01-06T17:30+01:00,24493.16945,24493.86046
2024-01-06T17:45+01:00,24517.00932,24519.72921
2024-01-06T18:00+01:00,24424.24523,24573.92256
2024-01-06T18:15+01:00,24313.44467,24570.08173
2024-01-06T18:30+01:00,24475.5531,24598.19938
2024-01-06T18:45+01:00,24446.50041,24345.87259
2024-01-06T19:00+01:00,24235.53904,24406.28467
2024-01-06T19:15+01:00,24239.34745,24329.51262
2024-01-06T19:30+01:00,24138.07264,24359.21191
2024-01-06T19:45+01:00,24017.36141,24085.52462
2024-01-06T20:00+01:00,23574.26724,24179.53432
2024-01-06T20:15+01:00,23274.97817,23925.64355
2024-01-06T20:30+01:00,23284.28629,23889.8137
2024-01-06T20:45+01:00,23299.77831,23856.37502
2024-01-06T21:00+01:00,23287.47142,23851.79311
2024-01-06T21:15+01:00,23259.72626,23870.82782
2024-01-06T21:30+01:00,23186.36896,23580.57159
2024-01-06T21:45+01:00,23163.23087,23394.90748
2024-01-06T22:00+01:00,23067.85144,23289.26236
2024-01-06T22:15+01:00,22964.45159,23180.5515
2024-01-06T22:30+01:00,22772.10469,23232.51431
2024-01-06T22:45+01:00,22639.91088,23154.86162
2024-01-06T23:00+01:00,22419.20886,23293.75259
2024-01-06T23:15+01:00,22080.25429,23080.80203
2024-01-06T23:30+01:00,21776.93473,23229.09726
2024-01-06T23:45+01:00,21495.54101,23069.61562
2024-01-07T00:00+01:00,21124.10712,23155.90536
2024-01-07T00:15+01:00,20830.2449,23002.54169
2024-01-07T00:30+01:00,20595.38632,22746.58628
2024-01-07T00:45+01:00,20106.00565,22688.95085
2024-01-07T01:00+01:00,19589.23061,22718.37209
2024-01-07T01:15+01:00,19399.32916,22805.76037
2024-01-07T01:30+01:00,19239.13064,23025.11417
2024-01-07T01:45+01:00,18837.1877,22954.56128
2024-01-07T02:00+01:00,18551.898,22922.19665
2024-01-07T02:15+01:00,18275.34251,22923.10697
2024-01-07T02:30+01:00,18211.53477,23045.85922
2024-01-07T02:45+01:00,18169.11512,23041.02624
2024-01-07T03:00+01:00,18128.4766,23074.28828
2024-01-07T03:15+01:00,18090.93033,22895.08356
2024-01-07T03:30+01:00,18039.0273,22746.73421
2024-01-07T03:45+01:00,18071.75791,22775.82313
2024-01-07T04:00+01:00,18248.79543,23054.66427
2024-01-07T04:15+01:00,18218.7006,23044.75884
2024-01-07T04:30+01:00,18224.99784,23124.58137
2024-01-07T04:45+01:00,18263.34868,23038.3253
2024-01-07T05:00+01:00,18473.85231,23050.53742
2024-01-07T05:15+01:00,18542.91051,23084.0152
2024-01-07T05:30+01:00,18561.95339,23310.15894
2024-01-07T05:45+01:00,18662.3484,23505.79573
2024-01-07T06:00+01:00,18634.82423,23746.20445
2024-01-07T06:15+01:00,18671.91027,23939.45417
2024-01-07T06:30+01:00,18843.79007,24183.61924
2024-01-07T06:45+01:00,18936.50368,24111.02899
2024-01-07T07:00+01:00,19078.94225,24010.61265
2024-01-07T07:15+01:00,19411.03198,24105.01471
2024-01-07T07:30+01:00,19592.03855,24123.43266
2024-01-07T07:45+01:00,19864.65421,24025.20296
2024-01-07T08:00+01:00,20007.79737,23841.41474
2024-01-07T08:15+01:00,20318.55439,23792.18865
2024-01-07T08:30+01:00,20855.79638,23755.66766
2024-01-07T08:45+01:00,21584.05751,24127.04772
2024-01-07T09:00+01:00,22527.71381,24140.75328
2024-01-07T09:15+01:00,22856.31608,24220.21836
2024-01-07T09:30+01:00,22946.24195,24405.23485
2024-01-07T09:45+01:00,23181.94235,24499.86099
2024-01-07T10:00+01:00,23509.40389,24518.54981
2024-01-07T10:15+01:00,23427.68368,24646.63965
2024-01-07T10:30+01:00,23165.58014,25096.4229
2024-01-07T10:45+01:00,22898.90885,25346.78709
2024-01-07T11:00+01:00,22982.82673,25651.95303
2024-01-07T11:15+01:00,23048.09838,26008.02408
2024-01-07T11:30+01:00,22961.56193,26286.38012
2024-01-07T11:45+01:00,22864.17725,26630.98335
2024-01-07T12:00+01:00,22724.05092,26835.8262
2024-01-07T12:15+01:00,22683.23547,26985.91997
2024-01-07T12:30+01:00,22659.02396,26706.9907
2024-01-07T12:45+01:00,22593.31732,26489.66895
2024-01-07T13:00+01:00,22622.13257,26919.30934
2024-01-07T13:15+01:00,22557.82029,26833.74374
2024-01-07T13:30+01:00,22547.59603,26673.43184
2024-01-07T13:45+01:00,22509.77763,26621.50231
2024-01-07T14:00+01:00,22506.97423,26514.67836
2024-01-07T14:15+01:00,22514.53149,26377.50072
2024-01-07T14:30+01:00,22648.01907,26140.70475
2024-01-07T14:45+01:00,22650.24148,25940.00304
2024-01-07T15:00+01:00,22788.83783,25599.91652
2024-01-07T15:15+01:00,22842.02031,25220.17402
2024-01-07T15:30+01:00,22878.12861,25086.57084
2024-01-07T15:45+01:00,23020.1208,25148.03223
2024-01-07T16:00+01:00,23070.423,24951.65744
2024-01-07T16:15+01:00,23111.28066,25377.72728
2024-01-07T16:30+01:00,23183.54167,25771.97608
2024-01-07T16:45+01:00,23507.11507,26475.84645
2024-01-07T17:00+01:00,23616.47748,26477.40352
2024-01-07T17:15+01:00,23914.45232,26965.59473
2024-01-07T17:30+01:00,24077.6385,27307.00564
2024-01-07T17:45+01:00,24240.34152,27646.01193
2024-01-07T18:00+01:00,24432.04938,28061.02533
2024-01-07T18:15+01:00,24592.4504,28317.79456
2024-01-07T18:30+01:00,24748.33458,28805.02842
2024-01-07T18:45+01:00,24767.43574,29199.7339
2024-01-07T19:00+01:00,24853.37619,29799.7249
2024-01-07T19:15+01:00,25050.4499,29851.40921
2024-01-07T19:30+01:00,25104.90507,29929.07013
2024-01-07T19:45+01:00,24654.27281,29769.78392
2024-01-07T20:00+01:00,24595.14227,29754.97737
2024-01-07T20:15+01:00,24468.76257,29572.99744
2024-01-07T20:30+01:00,24436.70238,29105.27278
2024-01-07T20:45+01:00,23733.31178,28640.24942
2024-01-07T21:00+01:00,23476.89742,28596.2876
2024-01-07T21:15+01:00,23371.24705,28306.94286
2024-01-07T21:30+01:00,23260.01128,28096.8065
2024-01-07T21:45+01:00,23333.86502,27985.2374
2024-01-07T22:00+01:00,23306.26596,27637.62262
2024-01-07T22:15+01:00,23198.19237,27621.91065
2024-01-07T22:30+01:00,23079.90164,27720.86292
2024-01-07T22:45+01:00,22795.36019,27849.31365
2024-01-07T23:00+01:00,22031.68421,28007.95046
2024-01-07T23:15+01:00,21509.36909,27933.63307
2024-01-07T23:30+01:00,21087.2069,27803.92368
2024-01-07T23:45+01:00,20585.97162,27734.74026